{
    "themePrimary": "#d40004",
    "themeLighterAlt": "#fdf3f3",
    "themeLighter": "#f8d0d1",
    "themeLight": "#f2a9ab",
    "themeTertiary": "#e55c5e",
    "themeSecondary": "#d91a1d",
    "themeDarkAlt": "#be0003",
    "themeDark": "#a10003",
    "themeDarker": "#770002",
    "neutralLighterAlt": "#faf9f8",
    "neutralLighter": "#f3f2f1",
    "neutralLight": "#edebe9",
    "neutralQuaternaryAlt": "#e1dfdd",
    "neutralQuaternary": "#d0d0d0",
    "neutralTertiaryAlt": "#c8c6c4",
    "neutralTertiary": "#a19f9d",
    "neutralSecondary": "#605e5c",
    "neutralPrimaryAlt": "#3b3a39",
    "neutralPrimary": "#323130",
    "neutralDark": "#201f1e",
    "black": "#000000",
    "white": "#ffffff"
}