{
  "themePrimary": "#6264A7",
  "themeLighterAlt": "#040407",
  "themeLighter": "#10101b",
  "themeLight": "#1d1e32",
  "themeTertiary": "#3b3c63",
  "themeSecondary": "#565892",
  "themeDarkAlt": "#6e70af",
  "themeDark": "#8183bb",
  "themeDarker": "#9ea0cd",
  "neutralLighterAlt": "#1e1e1e",
  "neutralLighter": "#1d1d1d",
  "neutralLight": "#1c1c1c",
  "neutralQuaternaryAlt": "#1a1a1a",
  "neutralQuaternary": "#191919",
  "neutralTertiaryAlt": "#181818",
  "neutralTertiary": "#f8f8f8",
  "neutralSecondary": "#f9f9f9",
  "neutralPrimaryAlt": "#fafafa",
  "neutralPrimary": "#F5F5F5",
  "neutralDark": "#fdfdfd",
  "black": "#fefefe",
  "white": "#1F1F1F"
}