{
    "@microsoft/generator-sharepoint": {
        "plusBeta": false,
        "isCreatingSolution": true,
        "environment": "spo",
        "version": "1.15.2",
        "solutionName": "modern-pnp-modern-search-web-parts",
        "libraryName": "modern-pnp-modern-search-web-parts",
        "libraryId": "8aa14115-d64a-4545-b215-ee8fb8d82e59",
        "packageManager": "npm",
        "isDomainIsolated": false,
        "componentType": "webpart",
        "solutionShortDescription": "PnP Modern Search web parts",
        "skipFeatureDeployment": true
    }
}