{
    "$schema": "https://developer.microsoft.com/json-schemas/spfx-build/package-solution.schema.json",
    "solution": {
        "name": "PnP Modern Search - Search Extensibility Library Core",
        "id": "f13a5866-004f-4219-b078-69731f848bd1",
        "version": "4.0.0.0",
        "includeClientSideAssets": true,
        "skipFeatureDeployment": true,
        "isDomainIsolated": false,
        "metadata": {
            "shortDescription": {
                "default": "PnP Modern Search - Search Extensibility Library Core"
            },
            "longDescription": {
                "default": "PnP Modern Search - Search Extensibility Library Core"
            },
            "screenshotPaths": [],
            "videoUrl": "",
            "categories": []
        },
        "features": [{
            "title": "PnP Modern Search - Search Extensibility Library Core",
            "description": "PnP Modern Search - Search Extensibility Library Core",
            "id": "52798f01-1487-43ea-bc88-95538147cb8d",
            "version": "4.0.0.0"
        }],
        "developer": {
            "mpnId": "",
            "name": "PnP Team",
            "termsOfUseUrl": "",
            "privacyUrl": "",
            "websiteUrl": "https://pnp.github.io/"
        }
    },
    "paths": {
        "zippedPackage": "solution/pnp-modern-search-extensibility.sppkg"
    }
}