{
    "$schema": "https://developer.microsoft.com/json-schemas/spfx/client-side-web-part-manifest.schema.json",
    "id": "544c1372-fb1d-4e96-bc1e-31fd66979667",
    "alias": "pnpSearchFiltersWebPart",
    "componentType": "WebPart",
    "version": "*",
    "manifestVersion": 2,
    "requiresCustomScript": false,
    "supportedHosts": ["SharePointWebPart"],
    "supportsFullBleed": true,
    "supportsThemeVariants": true,
    "preconfiguredEntries": [{
        "groupId": "5c03119e-3074-46fd-976b-c60198311f70",
        "group": {
            "default": "Other"
        },
        "title": {
            "default": "PnP - Search Filters",
            "fr-fr": "PnP - Filtres de recherche",
            "pl-pl": "PnP - Filtry wyszukiwania"
        },
        "description": {
            "default": "Filters results from the search results Web Part",
            "fr-fr": "Filtre les résultats provenant du Web Part de visualistion de données",
            "pl-pl": "Filtruje wyniki ze składnika Web Part Wyników wyszukiwania"
        },
        "officeFabricIconFontName": "Filter",
        "properties": {
            "documentationLink": "https://microsoft-search.github.io/pnp-modern-search/"
        }
    }]
}