{
    "$schema": "https://developer.microsoft.com/json-schemas/spfx/client-side-web-part-manifest.schema.json",
    "id": "544c1372-77ae-40a0-9095-805ae2a0d5e9",
    "alias": "pnpSearchVerticalsWebPart",
    "componentType": "WebPart",
    "version": "*",
    "manifestVersion": 2,
    "requiresCustomScript": false,
    "supportsFullBleed": true,
    "supportsThemeVariants": true,
    "supportedHosts": [
        "SharePointWebPart"
    ],
    "preconfiguredEntries": [{
        "groupId": "5c03119e-3074-46fd-976b-c60198311f70",
        "group": {
            "default": "Other"
        },
        "title": {
            "default": "PnP - Search Verticals",
            "fr-fr": "PnP - Verticaux de recherche",
            "pl-pl": "PnP - Wertykały wyszukiwania"
        },
        "description": {
            "default": "Allows to browse data as verticals (i.e silos)",
            "fr-fr": "Permet de parcourir les données de manière verticale (en silos)",
            "pl-pl": "Pozwala przeglądać dane wertykalnie"
        },
        "officeFabricIconFontName": "Sections",
        "properties": {
            "documentationLink": "https://microsoft-search.github.io/pnp-modern-search/"
        }
    }]
}