{
    "$schema": "https://developer.microsoft.com/json-schemas/spfx-build/package-solution.schema.json",
    "solution": {
        "name": "PnP Modern Search - Search Web Parts - v4",
        "id": "59903278-dd5d-4e9e-bef6-562aae716b8b",
        "version": "4.9.3.0",
        "includeClientSideAssets": true,
        "skipFeatureDeployment": true,
        "isDomainIsolated": false,
        "webApiPermissionRequests": [
            {
                "resource": "Microsoft Graph",
                "scope": "Presence.Read.All"
            },
            {
                "resource": "Microsoft Graph",
                "scope": "User.Read"
            },
            {
                "resource": "Microsoft Graph",
                "scope": "Files.Read.All"
            },
            {
                "resource": "Microsoft Graph",
                "scope": "People.Read"
            },
            {
                "resource": "Microsoft Graph",
                "scope": "Contacts.Read"
            },
            {
                "resource": "Microsoft Graph",
                "scope": "User.Read.All"
            },
            {
                "resource": "Microsoft Graph",
                "scope": "Mail.Read"
            },
            {
                "resource": "Microsoft Graph",
                "scope": "Calendars.Read"
            },
            {
                "resource": "Microsoft Graph",
                "scope": "Sites.Read.All"
            },
            {
                "resource": "Microsoft Graph",
                "scope": "ExternalItem.Read.All"
            },
            {
                "resource": "Microsoft Graph",
                "scope": "Chat.Read"
            },
            {
                "resource": "Microsoft Graph",
                "scope": "ChannelMessage.Read.All"
            },
            {
                "resource": "Microsoft Graph",
                "scope": "Bookmark.Read.All"
            },
            {
                "resource": "Microsoft Graph",
                "scope": "Acronym.Read.All"
            }
        ],
        "metadata": {
            "shortDescription": {
                "default": "Modern search web parts"
            },
            "longDescription": {
                "default": "Modern search web parts"
            },
            "screenshotPaths": [],
            "videoUrl": "",
            "categories": []
        },
        "developer": {
            "mpnId": "",
            "name": "PnP Team",
            "termsOfUseUrl": "https://github.com/microsoft-search/pnp-modern-search/blob/main/LICENSE",
            "privacyUrl": "",
            "websiteUrl": ""
        }
    },
    "paths": {
        "zippedPackage": "solution/pnp-modern-search-parts-v4.sppkg"
    }
}