{
    "$schema": "https://developer.microsoft.com/json-schemas/spfx/client-side-web-part-manifest.schema.json",
    "id": "544c1372-7e5a-49ec-8db6-812f76c375f2",
    "alias": "pnpSearchBoxWebPart",
    "componentType": "WebPart",
    "version": "*",
    "manifestVersion": 2,
    "requiresCustomScript": false,
    "supportsFullBleed": true,
    "supportedHosts": [
        "SharePointWebPart"
    ],
    "supportsThemeVariants": true,
    "preconfiguredEntries": [{
        "groupId": "5c03119e-3074-46fd-976b-c60198311f70",
        "group": {
            "default": "Other"
        },
        "title": {
            "default": "PnP - Search Box",
            "fr-fr": "PnP - Boîte de recherche",
            "pl-pl": "PnP - Pole Wyszukiwania"
        },
        "description": {
            "default": "Allows users to search data source results using query text",
            "fr-fr": "Permet aux utilisateurs de rechercher dans un source de données sur la base d'une requête textuelle",
            "pl-pl": "Pozwala użytkownikom na wprowadzenie tekstu wyszukiwania"
        },
        "officeFabricIconFontName": "Search",
        "properties": {
            "documentationLink": "https://microsoft-search.github.io/pnp-modern-search/"
        }
    }]
}